Reporting Date	Sale Month	Store	Artist	Title	ISRC	UPC	Quantity	Team Percentage	Song/Album	Country of Sale	Songwriter Royalties Withheld	Earnings (USD)
2025-01-05	2024-10	Spotify	June Harbor	Low Orbit	QZDA62400001	198000000001	4421087	100	Song	US	0	16800.1320
2025-01-05	2024-10	Spotify	June Harbor	Low Orbit	QZDA62400001	198000000001	2431598	100	Song	GB	0	7537.9540
2025-01-05	2024-10	Apple Music	June Harbor	Low Orbit	QZDA62400001	198000000001	1497465	100	Song	US	0	5690.3673
2025-01-05	2024-10	Apple Music	June Harbor	Low Orbit	QZDA62400001	198000000001	823606	100	Song	DE	0	2553.1780
2025-01-05	2024-10	Amazon Unlimited	June Harbor	Low Orbit	QZDA62400001	198000000001	427847	100	Song	US	0	1625.8192
2025-01-05	2024-10	Amazon Unlimited	June Harbor	Low Orbit	QZDA62400001	198000000001	235316	100	Song	CA	0	729.4794
2025-01-05	2024-10	YouTube Music	June Harbor	Low Orbit	QZDA62400001	198000000001	499155	100	Song	US	0	1896.7891
2025-01-05	2024-10	YouTube Music	June Harbor	Low Orbit	QZDA62400001	198000000001	274535	100	Song	CA	0	851.0593
2025-01-05	2024-10	Tidal	June Harbor	Low Orbit	QZDA62400001	198000000001	142616	100	Song	US	0	541.9397
2025-01-05	2024-10	Tidal	June Harbor	Low Orbit	QZDA62400001	198000000001	78439	100	Song	GB	0	243.1598
2025-01-05	2024-10	Deezer	June Harbor	Low Orbit	QZDA62400001	198000000001	142616	100	Song	US	0	541.9397
2025-01-05	2024-10	Deezer	June Harbor	Low Orbit	QZDA62400001	198000000001	78439	100	Song	DE	0	243.1598
2025-01-05	2024-10	iTunes	June Harbor	Low Orbit	QZDA62400001	198000000001	6418	100	Song	US	0	4492.3952
2025-01-05	2024-10	TikTok	June Harbor	Low Orbit	QZDA62400001	198000000001	2495775	100	Song	US	0	998.3100
2025-01-05	2024-10	YouTube (Content ID)	June Harbor	Low Orbit	QZDA62400001	198000000001	855694	100	Song	US	0	513.4166
